reviews45.html,11
reviews84.html,11
reviews109.html,10
reviews46.html,10
reviews14.html,10
reviews26.html,8
reviews40.html,10
reviews105.html,10
reviews4.html,10
reviews72.html,10
reviews49.html,11
reviews71.html,11
reviews55.html,8
reviews61.html,11
reviews11.html,10
reviews31.html,10
reviews29.html,11
reviews85.html,10
reviews110.html,11
reviews83.html,10
reviews68.html,10
reviews21.html,11
reviews59.html,11
reviews6.html,11
reviews107.html,11
reviews41.html,11
reviews47.html,10
reviews12.html,11
reviews87.html,11
reviews113.html,10
reviews104.html,11
reviews96.html,10
reviews89.html,11
reviews8.html,10
reviews77.html,10
reviews23.html,11
reviews62.html,11
reviews36.html,10
reviews60.html,11
reviews70.html,11
reviews54.html,11
reviews28.html,11
reviews67.html,11
reviews106.html,10
reviews7.html,10
reviews94.html,11
reviews1.html,11
reviews100.html,10
reviews101.html,11
reviews24.html,11
reviews81.html,10
reviews111.html,10
reviews57.html,11
reviews75.html,11
reviews65.html,10
reviews42.html,11
reviews82.html,11
reviews35.html,11
reviews37.html,10
reviews78.html,10
reviews98.html,11
reviews95.html,11
reviews58.html,10
reviews33.html,10
reviews92.html,11
reviews39.html,10
reviews0.html,0
reviews51.html,6
reviews69.html,11
reviews91.html,10
reviews48.html,10
reviews9.html,11
reviews108.html,11
reviews74.html,11
reviews56.html,11
reviews97.html,11
reviews19.html,10
reviews13.html,11
reviews25.html,11
reviews53.html,11
reviews27.html,11
reviews80.html,11
reviews76.html,11
reviews17.html,10
reviews15.html,11
reviews88.html,11
reviews16.html,11
reviews44.html,11
reviews102.html,11
reviews3.html,11
reviews66.html,11
reviews64.html,11
reviews2.html,10
reviews32.html,11
reviews90.html,11
reviews30.html,11
reviews93.html,10
reviews43.html,10
reviews99.html,11
reviews10.html,10
reviews5.html,11
reviews52.html,11
reviews22.html,6
reviews20.html,11
reviews18.html,10
reviews63.html,10
reviews86.html,10
reviews103.html,11
reviews73.html,11
reviews79.html,11
reviews112.html,11
reviews50.html,11
reviews34.html,11
reviews38.html,11
